sequence chains,overall score,individual score_terms

Iteration 1
MLALAEVESEEEAREAARIAGVESDPEVVMVNGRKVARLEGADEEGARNIEEKLGLKVELRP,TGPRDVRVRKIKPLSEIHSGNSVSLQCDFSSSHPKEVQFFWEKNGRLLGKESQLNFDSISPEDAGSYSCWVNNSIGQTASKAWTLEVLYAPRRLRVSMSPGDQVMEGKSATLTCESDANPPVSHYTWFDWNNQSLPYHSQKLRLEPVKVQHSGAYWCQGTNSVGKGRSPLSTLTVYYSPETIGRRGTKHHHHHH,-167.0121828603851,70.69683084148656,-70.69683084148656,94.12336804821646,-94.12336804821646,0.0807093,-0.0807093009352684,2.420839963640486,-2.420839963640486,0,0,0,0,0.30956529389366566,0.30956529389366566
MLALWEVESQEEANQAARIAGVEVDPEVVMVNGRKVSRLEQQDEEGARNIEEKLGLKVELRP,TGPRDVRVRKIKPLSEIHSGNSVSLQCDFSSSHPKEVQFFWEKNGRLLGKESQLNFDSISPEDAGSYSCWVNNSIGQTASKAWTLEVLYAPRRLRVSMSPGDQVMEGKSATLTCESDANPPVSHYTWFDWNNQSLPYHSQKLRLEPVKVQHSGAYWCQGTNSVGKGRSPLSTLTVYYSPETIGRRGTKHHHHHH,-103.69935817146161,45.409927083103206,-45.409927083103206,56.85188132860337,-56.85188132860337,0.07073997,-0.07073996961116791,13.027150944301063,-13.027150944301063,0,0,0,0,11.66034115415719,11.66034115415719

Iteration 2
MLALAEVESEEEAREAARIAGVESDPEVVMVNGRKVARLEGADEEGARNIEEKLGLKVELRP,TGPRDVRVRKIKPLSEIHSGNSVSLQCDFSSSHPKEVQFFWEKNGRLLGKESQLNFDSISPEDAGSYSCWVNNSIGQTASKAWTLEVLYAPRRLRVSMSPGDQVMEGKSATLTCESDANPPVSHYTWFDWNNQSLPYHSQKLRLEPVKVQHSGAYWCQGTNSVGKGRSPLSTLTVYYSPETIGRRGTKHHHHHH,-172.81537746216713,72.48457157127466,-72.48457157127466,94.1054993323675,-94.1054993323675,0.07990777,-0.07990776747465134,12.273062079293386,-12.273062079293386,0,0,0,0,0.32446868646107624,0.32446868646107624,70.69683084148656,-70.69683084148656,94.12336804821646,-94.12336804821646,0.0807093,-0.0807093009352684,2.420839963640486,-2.420839963640486,0,0,0,0,0.30956529389366566,0.30956529389366566
PLAIVNAKSKEEGEKAGKVAGANFTKTVGVLGGKSSVILPGLTKEGAEKVEKELGLKVELYP,TGPRDVRVRKIKPLSEIHSGNSVSLQCDFSSSHPKEVQFFWEKNGRLLGKESQLNFDSISPEDAGSYSCWVNNSIGQTASKAWTLEVLYAPRRLRVSMSPGDQVMEGKSATLTCESDANPPVSHYTWFDWNNQSLPYHSQKLRLEPVKVQHSGAYWCQGTNSVGKGRSPLSTLTVYYSPETIGRRGTKHHHHHH,-129.20503427372776,50.90277934950318,-50.90277934950318,73.02830907779295,-73.02830907779295,0.086582944,-0.08658294379711151,6.096476582118442,-6.096476582118442,0,0,0,0,0.9091136794839354,0.9091136794839354
PEVLVAANSAEQAKAAGAVAGANPTGRVGVLGGKGSVLLPGATPAAAAAVEKALGLKVEVYP,TGPRDVRVRKIKPLSEIHSGNSVSLQCDFSSSHPKEVQFFWEKNGRLLGKESQLNFDSISPEDAGSYSCWVNNSIGQTASKAWTLEVLYAPRRLRVSMSPGDQVMEGKSATLTCESDANPPVSHYTWFDWNNQSLPYHSQKLRLEPVKVQHSGAYWCQGTNSVGKGRSPLSTLTVYYSPETIGRRGTKHHHHHH,-102.44975990748708,50.412063589378505,-50.412063589378505,59.053602901931846,-59.053602901931846,0.09037264,-0.09037263691425323,9.892608915056503,-9.892608915056503,1,5,1,5,6.998888135794017,6.998888135794017
MLALWEVESQEEANQAARIAGVEVDPEVVMVNGRKVSRLEQQDEEGARNIEEKLGLKVELRP,TGPRDVRVRKIKPLSEIHSGNSVSLQCDFSSSHPKEVQFFWEKNGRLLGKESQLNFDSISPEDAGSYSCWVNNSIGQTASKAWTLEVLYAPRRLRVSMSPGDQVMEGKSATLTCESDANPPVSHYTWFDWNNQSLPYHSQKLRLEPVKVQHSGAYWCQGTNSVGKGRSPLSTLTVYYSPETIGRRGTKHHHHHH,-97.41078777458337,43.20469186187761,-43.20469186187761,60.438648792787106,-60.438648792787106,0.06865233,-0.06865233182907104,2.265047400338309,-2.265047400338309,0,0,0,0,14.85482300912696,14.85482300912696,45.409927083103206,-45.409927083103206,56.85188132860337,-56.85188132860337,0.07073997,-0.07073996961116791,13.027150944301063,-13.027150944301063,0,0,0,0,11.66034115415719,11.66034115415719

Iteration 3
MLALAEVESEEEAREAARIAGVESDPEVVMVNGRKVARLEGADEEGARNIEEKLGLKVELRP,TGPRDVRVRKIKPLSEIHSGNSVSLQCDFSSSHPKEVQFFWEKNGRLLGKESQLNFDSISPEDAGSYSCWVNNSIGQTASKAWTLEVLYAPRRLRVSMSPGDQVMEGKSATLTCESDANPPVSHYTWFDWNNQSLPYHSQKLRLEPVKVQHSGAYWCQGTNSVGKGRSPLSTLTVYYSPETIGRRGTKHHHHHH,-174.68458420798288,73.60670747305744,-73.60670747305744,94.01990423030925,-94.01990423030925,0.07975651,-0.07975651323795319,11.008731188092915,-11.008731188092915,0,0,0,0,0.2921017050831542,0.2921017050831542,72.48457157127466,-72.48457157127466,94.1054993323675,-94.1054993323675,0.07990777,-0.07990776747465134,12.273062079293386,-12.273062079293386,0,0,0,0,0.32446868646107624,0.32446868646107624,70.69683084148656,-70.69683084148656,94.12336804821646,-94.12336804821646,0.0807093,-0.0807093009352684,2.420839963640486,-2.420839963640486,0,0,0,0,0.30956529389366566,0.30956529389366566
KLAIVNAKSKEEGEKAGKVAGANFTKTVGVLGDKYSVIMPGLTKEGAEKVEKSMGLAVELYA,TGPRDVRVRKIKPLSEIHSGNSVSLQCDFSSSHPKEVQFFWEKNGRLLGKESQLNFDSISPEDAGSYSCWVNNSIGQTASKAWTLEVLYAPRRLRVSMSPGDQVMEGKSATLTCESDANPPVSHYTWFDWNNQSLPYHSQKLRLEPVKVQHSGAYWCQGTNSVGKGRSPLSTLTVYYSPETIGRRGTKHHHHHH,-137.1043154880512,52.45079710727155,-52.45079710727155,76.09629829828904,-76.09629829828904,0.09055538,-0.09055537730455399,17.444579533168245,-17.444579533168245,0,0,0,0,1.0786336136587618,1.0786336136587618,50.90277934950318,-50.90277934950318,73.02830907779295,-73.02830907779295,0.086582944,-0.08658294379711151,6.096476582118442,-6.096476582118442,0,0,0,0,0.9091136794839354,0.9091136794839354
PLAIVNAKSKEEGEKAGKVAGANFTKTVGVLGGKSSVILPGLTKEGAEKVEKELGLKVELYP,TGPRDVRVRKIKPLSEIHSGNSVSLQCDFSSSHPKEVQFFWEKNGRLLGKESQLNFDSISPEDAGSYSCWVNNSIGQTASKAWTLEVLYAPRRLRVSMSPGDQVMEGKSATLTCESDANPPVSHYTWFDWNNQSLPYHSQKLRLEPVKVQHSGAYWCQGTNSVGKGRSPLSTLTVYYSPETIGRRGTKHHHHHH,-133.2224369431906,50.69703333372212,-50.69703333372212,72.74139293030666,-72.74139293030666,0.095948905,-0.09594890475273132,14.710961641584124,-14.710961641584124,0,0,0,0,1.0054971977122655,1.0054971977122655,50.90277934950318,-50.90277934950318,73.02830907779295,-73.02830907779295,0.086582944,-0.08658294379711151,6.096476582118442,-6.096476582118442,0,0,0,0,0.9091136794839354,0.9091136794839354
PLAIVNAGSKEEGEKAGKVAGANFTKTVGVLGGKSSVILAGLTGEAAEKVKKPLGLKFEPYP,TGPRDVRVRKIKPLSEIHSGNSVSLQCDFSSSHPKEVQFFWEKNGRLLGKESQLNFDSISPEDAGSYSCWVNNSIGQTASKAWTLEVLYAPRRLRVSMSPGDQVMEGKSATLTCESDANPPVSHYTWFDWNNQSLPYHSQKLRLEPVKVQHSGAYWCQGTNSVGKGRSPLSTLTVYYSPETIGRRGTKHHHHHH,-118.91755543643039,43.67084878193617,-43.67084878193617,60.20200291896862,-60.20200291896862,0.08716415,-0.08716414868831635,7.345427649361746,-7.345427649361746,0,0,0,0,2.6753668998218214,2.6753668998218214,50.90277934950318,-50.90277934950318,73.02830907779295,-73.02830907779295,0.086582944,-0.08658294379711151,6.096476582118442,-6.096476582118442,0,0,0,0,0.9091136794839354,0.9091136794839354

Iteration 4
MLALAEVESEEEAREAARIAGVESDPEVVMVNGRKVARLEGADEEGARNIEEKLGLKVELRP,TGPRDVRVRKIKPLSEIHSGNSVSLQCDFSSSHPKEVQFFWEKNGRLLGKESQLNFDSISPEDAGSYSCWVNNSIGQTASKAWTLEVLYAPRRLRVSMSPGDQVMEGKSATLTCESDANPPVSHYTWFDWNNQSLPYHSQKLRLEPVKVQHSGAYWCQGTNSVGKGRSPLSTLTVYYSPETIGRRGTKHHHHHH,-175.6729593541977,72.00047061086913,-72.00047061086913,94.15820654643412,-94.15820654643412,0.08768736,-0.08768735826015472,12.705566569737028,-12.705566569737028,0,0,0,0,0.3138462924582589,0.3138462924582589,73.60670747305744,-73.60670747305744,94.01990423030925,-94.01990423030925,0.07975651,-0.07975651323795319,11.008731188092915,-11.008731188092915,0,0,0,0,0.2921017050831542,0.2921017050831542,72.48457157127466,-72.48457157127466,94.1054993323675,-94.1054993323675,0.07990777,-0.07990776747465134,12.273062079293386,-12.273062079293386,0,0,0,0,0.32446868646107624,0.32446868646107624,70.69683084148656,-70.69683084148656,94.12336804821646,-94.12336804821646,0.0807093,-0.0807093009352684,2.420839963640486,-2.420839963640486,0,0,0,0,0.30956529389366566,0.30956529389366566
GIALVEVESEEEAKRAAELAGVEKEPEVIGENGKAVAVLEGATEEGAKRIEKELGLKVKLLP,TGPRDVRVRKIKPLSEIHSGNSVSLQCDFSSSHPKEVQFFWEKNGRLLGKESQLNFDSISPEDAGSYSCWVNNSIGQTASKAWTLEVLYAPRRLRVSMSPGDQVMEGKSATLTCESDANPPVSHYTWFDWNNQSLPYHSQKLRLEPVKVQHSGAYWCQGTNSVGKGRSPLSTLTVYYSPETIGRRGTKHHHHHH,-171.90691903510688,69.45534574606816,-69.45534574606816,88.57056835546773,-88.57056835546773,0.09908553,-0.09908553212881088,15.096802520751952,-15.096802520751952,0,0,0,0,1.3148831193097825,1.3148831193097825
KLAIVNAKSKEEGEKAGKVAGANFTKTVGVLGDKYSVIMPGLTKEGAEKVEKSMGLAVELYA,TGPRDVRVRKIKPLSEIHSGNSVSLQCDFSSSHPKEVQFFWEKNGRLLGKESQLNFDSISPEDAGSYSCWVNNSIGQTASKAWTLEVLYAPRRLRVSMSPGDQVMEGKSATLTCESDANPPVSHYTWFDWNNQSLPYHSQKLRLEPVKVQHSGAYWCQGTNSVGKGRSPLSTLTVYYSPETIGRRGTKHHHHHH,-137.24613324590266,52.48393108288953,-52.48393108288953,77.29726946869417,-77.29726946869417,0.09532969,-0.09532968699932098,8.640920639038086,-8.640920639038086,0,0,0,0,0.9876821160156101,0.9876821160156101,52.45079710727155,-52.45079710727155,76.09629829828904,-76.09629829828904,0.09055538,-0.09055537730455399,17.444579533168245,-17.444579533168245,0,0,0,0,1.0786336136587618,1.0786336136587618,50.90277934950318,-50.90277934950318,73.02830907779295,-73.02830907779295,0.086582944,-0.08658294379711151,6.096476582118442,-6.096476582118442,0,0,0,0,0.9091136794839354,0.9091136794839354
TGGAVRAPSREAALEAGRVAGVPTPTVSGYQGTLAVLHLPGLTREGAERVERELGLEVILYG,TGPRDVRVRKIKPLSEIHSGNSVSLQCDFSSSHPKEVQFFWEKNGRLLGKESQLNFDSISPEDAGSYSCWVNNSIGQTASKAWTLEVLYAPRRLRVSMSPGDQVMEGKSATLTCESDANPPVSHYTWFDWNNQSLPYHSQKLRLEPVKVQHSGAYWCQGTNSVGKGRSPLSTLTVYYSPETIGRRGTKHHHHHH,-136.39353229600283,44.64527017865819,-44.64527017865819,80.43607074198879,-80.43607074198879,0.09384477,-0.09384477138519287,17.90013651166643,-17.90013651166643,0,0,0,0,6.681789907695759,6.681789907695759

Iteration 5
MLALAEVESEEEAREAARIAGVESDPEVVMVNGRKVARLEGADEEGARNIEEKLGLKVELRP,TGPRDVRVRKIKPLSEIHSGNSVSLQCDFSSSHPKEVQFFWEKNGRLLGKESQLNFDSISPEDAGSYSCWVNNSIGQTASKAWTLEVLYAPRRLRVSMSPGDQVMEGKSATLTCESDANPPVSHYTWFDWNNQSLPYHSQKLRLEPVKVQHSGAYWCQGTNSVGKGRSPLSTLTVYYSPETIGRRGTKHHHHHH,-175.67286227451893,71.64172182518539,-71.64172182518539,94.08705033078982,-94.08705033078982,0.08804846,-0.08804845809936523,10.212032045636859,-10.212032045636859,0,0,0,0,0.3563787039075699,0.3563787039075699,72.00047061086913,-72.00047061086913,94.15820654643412,-94.15820654643412,0.08768736,-0.08768735826015472,12.705566569737028,-12.705566569737028,0,0,0,0,0.3138462924582589,0.3138462924582589,73.60670747305744,-73.60670747305744,94.01990423030925,-94.01990423030925,0.07975651,-0.07975651323795319,11.008731188092915,-11.008731188092915,0,0,0,0,0.2921017050831542,0.2921017050831542,72.48457157127466,-72.48457157127466,94.1054993323675,-94.1054993323675,0.07990777,-0.07990776747465134,12.273062079293386,-12.273062079293386,0,0,0,0,0.32446868646107624,0.32446868646107624,70.69683084148656,-70.69683084148656,94.12336804821646,-94.12336804821646,0.0807093,-0.0807093009352684,2.420839963640486,-2.420839963640486,0,0,0,0,0.30956529389366566,0.30956529389366566
GIALVEVESEEEAKRAAELAGVEKEPEVIGENGKAVAVLEGATEEGAKRIEKELGLKVKLLP,TGPRDVRVRKIKPLSEIHSGNSVSLQCDFSSSHPKEVQFFWEKNGRLLGKESQLNFDSISPEDAGSYSCWVNNSIGQTASKAWTLEVLYAPRRLRVSMSPGDQVMEGKSATLTCESDANPPVSHYTWFDWNNQSLPYHSQKLRLEPVKVQHSGAYWCQGTNSVGKGRSPLSTLTVYYSPETIGRRGTKHHHHHH,-173.77426218304902,70.41998967148331,-70.41998967148331,88.56530132767367,-88.56530132767367,0.102522865,-0.10252286493778229,17.761612701416016,-17.761612701416016,0,0,0,0,1.2078212345196189,1.2078212345196189,69.45534574606816,-69.45534574606816,88.57056835546773,-88.57056835546773,0.09908553,-0.09908553212881088,15.096802520751952,-15.096802520751952,0,0,0,0,1.3148831193097825,1.3148831193097825
MLALAEVRSEEEAREAGRIAGVESDPGVVMVNGRKVARLEGADEEGARFMEEKTVLKVELRP,TGPRDVRVRKIKPLSEIHSGNSVSLQCDFSSSHPKEVQFFWEKNGRLLGKESQLNFDSISPEDAGSYSCWVNNSIGQTASKAWTLEVLYAPRRLRVSMSPGDQVMEGKSATLTCESDANPPVSHYTWFDWNNQSLPYHSQKLRLEPVKVQHSGAYWCQGTNSVGKGRSPLSTLTVYYSPETIGRRGTKHHHHHH,-160.86878239423385,33.76042445057599,-33.76042445057599,79.93809071084154,-79.93809071084154,0.07692015,-0.07692015171051025,4.694975934709822,-4.694975934709822,0,0,1,5,11.818336693459463,11.818336693459463,72.00047061086913,-72.00047061086913,94.15820654643412,-94.15820654643412,0.08768736,-0.08768735826015472,12.705566569737028,-12.705566569737028,0,0,0,0,0.3138462924582589,0.3138462924582589,73.60670747305744,-73.60670747305744,94.01990423030925,-94.01990423030925,0.07975651,-0.07975651323795319,11.008731188092915,-11.008731188092915,0,0,0,0,0.2921017050831542,0.2921017050831542,72.48457157127466,-72.48457157127466,94.1054993323675,-94.1054993323675,0.07990777,-0.07990776747465134,12.273062079293386,-12.273062079293386,0,0,0,0,0.32446868646107624,0.32446868646107624,70.69683084148656,-70.69683084148656,94.12336804821646,-94.12336804821646,0.0807093,-0.0807093009352684,2.420839963640486,-2.420839963640486,0,0,0,0,0.30956529389366566,0.30956529389366566
MLALNEVYSEEEAREASRIAGVESDPGVVMVGGRKVARLEGADIEGARFMEEVTVVKVELRP,TGPRDVRVRKIKPLSEIHSGNSVSLQCDFSSSHPKEVQFFWEKNGRLLGKESQLNFDSISPEDAGSYSCWVNNSIGQTASKAWTLEVLYAPRRLRVSMSPGDQVMEGKSATLTCESDANPPVSHYTWFDWNNQSLPYHSQKLRLEPVKVQHSGAYWCQGTNSVGKGRSPLSTLTVYYSPETIGRRGTKHHHHHH,-156.66270518059346,31.939271115349648,-31.939271115349648,48.32038579374505,-48.32038579374505,0.077543505,-0.07754350453615189,10.90279366629464,-10.90279366629464,0,0,0,0,10.618305593749064,10.618305593749064,72.00047061086913,-72.00047061086913,94.15820654643412,-94.15820654643412,0.08768736,-0.08768735826015472,12.705566569737028,-12.705566569737028,0,0,0,0,0.3138462924582589,0.3138462924582589,73.60670747305744,-73.60670747305744,94.01990423030925,-94.01990423030925,0.07975651,-0.07975651323795319,11.008731188092915,-11.008731188092915,0,0,0,0,0.2921017050831542,0.2921017050831542,72.48457157127466,-72.48457157127466,94.1054993323675,-94.1054993323675,0.07990777,-0.07990776747465134,12.273062079293386,-12.273062079293386,0,0,0,0,0.32446868646107624,0.32446868646107624,70.69683084148656,-70.69683084148656,94.12336804821646,-94.12336804821646,0.0807093,-0.0807093009352684,2.420839963640486,-2.420839963640486,0,0,0,0,0.30956529389366566,0.30956529389366566

Iteration 6
MSAAVEVESKEEAKKAAEVAGVKEEPEVVVINGKKVAVLKGATEEGAKRVEEELGRKVILLG,TGPRDVRVRKIKPLSEIHSGNSVSLQCDFSSSHPKEVQFFWEKNGRLLGKESQLNFDSISPEDAGSYSCWVNNSIGQTASKAWTLEVLYAPRRLRVSMSPGDQVMEGKSATLTCESDANPPVSHYTWFDWNNQSLPYHSQKLRLEPVKVQHSGAYWCQGTNSVGKGRSPLSTLTVYYSPETIGRRGTKHHHHHH,-181.08371278760873,71.50645248848164,-71.50645248848164,92.27080716423426,-92.27080716423426,0.10339118,-0.10339117795228958,17.68381565638951,-17.68381565638951,0,0,0,0,0.48075369944894997,0.48075369944894997
MLALAEVESEEEAREAARIAGVESDPEVVMVNGRKVARLEGADEEGARNIEEKLGLKVELRP,TGPRDVRVRKIKPLSEIHSGNSVSLQCDFSSSHPKEVQFFWEKNGRLLGKESQLNFDSISPEDAGSYSCWVNNSIGQTASKAWTLEVLYAPRRLRVSMSPGDQVMEGKSATLTCESDANPPVSHYTWFDWNNQSLPYHSQKLRLEPVKVQHSGAYWCQGTNSVGKGRSPLSTLTVYYSPETIGRRGTKHHHHHH,-175.67286227451893,71.64172182518539,-71.64172182518539,94.08705033078982,-94.08705033078982,0.08804846,-0.08804845809936523,10.212032045636859,-10.212032045636859,0,0,0,0,0.3563787039075699,0.3563787039075699,72.00047061086913,-72.00047061086913,94.15820654643412,-94.15820654643412,0.08768736,-0.08768735826015472,12.705566569737028,-12.705566569737028,0,0,0,0,0.3138462924582589,0.3138462924582589,73.60670747305744,-73.60670747305744,94.01990423030925,-94.01990423030925,0.07975651,-0.07975651323795319,11.008731188092915,-11.008731188092915,0,0,0,0,0.2921017050831542,0.2921017050831542,72.48457157127466,-72.48457157127466,94.1054993323675,-94.1054993323675,0.07990777,-0.07990776747465134,12.273062079293386,-12.273062079293386,0,0,0,0,0.32446868646107624,0.32446868646107624,70.69683084148656,-70.69683084148656,94.12336804821646,-94.12336804821646,0.0807093,-0.0807093009352684,2.420839963640486,-2.420839963640486,0,0,0,0,0.30956529389366566,0.30956529389366566
GIALVEVESEEEAKRAAELAGVEKEPEVIGENGKAVAVLEGATEEGAKRIEKELGLKVKLLP,TGPRDVRVRKIKPLSEIHSGNSVSLQCDFSSSHPKEVQFFWEKNGRLLGKESQLNFDSISPEDAGSYSCWVNNSIGQTASKAWTLEVLYAPRRLRVSMSPGDQVMEGKSATLTCESDANPPVSHYTWFDWNNQSLPYHSQKLRLEPVKVQHSGAYWCQGTNSVGKGRSPLSTLTVYYSPETIGRRGTKHHHHHH,-173.75717700844282,71.7556176460184,-71.7556176460184,90.8261321721066,-90.8261321721066,0.10602438,-0.1060243770480156,11.522672053745817,-11.522672053745817,0,0,0,0,0.48743958968840406,0.48743958968840406,70.41998967148331,-70.41998967148331,88.56530132767367,-88.56530132767367,0.102522865,-0.10252286493778229,17.761612701416016,-17.761612701416016,0,0,0,0,1.2078212345196189,1.2078212345196189,69.45534574606816,-69.45534574606816,88.57056835546773,-88.57056835546773,0.09908553,-0.09908553212881088,15.096802520751952,-15.096802520751952,0,0,0,0,1.3148831193097825,1.3148831193097825
MVAAAEVESEEEARRAAELAGVKKEPEVVTINGKKVAVLEGATEEGAKRIEEELGRKVTLLG,TGPRDVRVRKIKPLSEIHSGNSVSLQCDFSSSHPKEVQFFWEKNGRLLGKESQLNFDSISPEDAGSYSCWVNNSIGQTASKAWTLEVLYAPRRLRVSMSPGDQVMEGKSATLTCESDANPPVSHYTWFDWNNQSLPYHSQKLRLEPVKVQHSGAYWCQGTNSVGKGRSPLSTLTVYYSPETIGRRGTKHHHHHH,0

Iteration 7
MSQAVEVESKSEAAKAATVAGVKEEREVVVINGKKVALLKGATEEGAQRVEEELGRKVILLG,TGPRDVRVRKIKPLSEIHSGNSVSLQCDFSSSHPKEVQFFWEKNGRLLGKESQLNFDSISPEDAGSYSCWVNNSIGQTASKAWTLEVLYAPRRLRVSMSPGDQVMEGKSATLTCESDANPPVSHYTWFDWNNQSLPYHSQKLRLEPVKVQHSGAYWCQGTNSVGKGRSPLSTLTVYYSPETIGRRGTKHHHHHH,-181.08371278760873,71.50645248848164,-71.50645248848164,92.27080716423426,-92.27080716423426,0.10339118,-0.10339117795228958,17.68381565638951,-17.68381565638951,0,0,0,0,0.48075369944894997,0.48075369944894997
MSAAVEVESKEEAKKAAEVAGVKEEPEVVVINGKKVAVLKGATEEGAKRVEEELGRKVILLG,TGPRDVRVRKIKPLSEIHSGNSVSLQCDFSSSHPKEVQFFWEKNGRLLGKESQLNFDSISPEDAGSYSCWVNNSIGQTASKAWTLEVLYAPRRLRVSMSPGDQVMEGKSATLTCESDANPPVSHYTWFDWNNQSLPYHSQKLRLEPVKVQHSGAYWCQGTNSVGKGRSPLSTLTVYYSPETIGRRGTKHHHHHH,-177.75097535061573,72.68909162665302,-72.68909162665302,90.91364594932637,-90.91364594932637,0.10268314,-0.10268314182758331,11.177201298304967,-11.177201298304967,0,0,0,0,0.46438410248922546,0.46438410248922546,71.50645248848164,-71.50645248848164,92.27080716423426,-92.27080716423426,0.10339118,-0.10339117795228958,17.68381565638951,-17.68381565638951,0,0,0,0,0.48075369944894997,0.48075369944894997
MLALAEVESEEEAREAARIAGVESDPEVVMVNGRKVARLEGADEEGARNIEEKLGLKVELRP,TGPRDVRVRKIKPLSEIHSGNSVSLQCDFSSSHPKEVQFFWEKNGRLLGKESQLNFDSISPEDAGSYSCWVNNSIGQTASKAWTLEVLYAPRRLRVSMSPGDQVMEGKSATLTCESDANPPVSHYTWFDWNNQSLPYHSQKLRLEPVKVQHSGAYWCQGTNSVGKGRSPLSTLTVYYSPETIGRRGTKHHHHHH,-175.67286227451893,71.64172182518539,-71.64172182518539,94.08705033078982,-94.08705033078982,0.08804846,-0.08804845809936523,10.212032045636859,-10.212032045636859,0,0,0,0,0.3563787039075699,0.3563787039075699,72.00047061086913,-72.00047061086913,94.15820654643412,-94.15820654643412,0.08768736,-0.08768735826015472,12.705566569737028,-12.705566569737028,0,0,0,0,0.3138462924582589,0.3138462924582589,73.60670747305744,-73.60670747305744,94.01990423030925,-94.01990423030925,0.07975651,-0.07975651323795319,11.008731188092915,-11.008731188092915,0,0,0,0,0.2921017050831542,0.2921017050831542,72.48457157127466,-72.48457157127466,94.1054993323675,-94.1054993323675,0.07990777,-0.07990776747465134,12.273062079293386,-12.273062079293386,0,0,0,0,0.32446868646107624,0.32446868646107624,70.69683084148656,-70.69683084148656,94.12336804821646,-94.12336804821646,0.0807093,-0.0807093009352684,2.420839963640486,-2.420839963640486,0,0,0,0,0.30956529389366566,0.30956529389366566
MSAAYEVESKEEAKKAAEVAGMKEEPEVNVINGKKVAVLQGATEEIFKRVEEESGRKVILLP,TGPRDVRVRKIKPLSEIHSGNSVSLQCDFSSSHPKEVQFFWEKNGRLLGKESQLNFDSISPEDAGSYSCWVNNSIGQTASKAWTLEVLYAPRRLRVSMSPGDQVMEGKSATLTCESDANPPVSHYTWFDWNNQSLPYHSQKLRLEPVKVQHSGAYWCQGTNSVGKGRSPLSTLTVYYSPETIGRRGTKHHHHHH,-132.20440185674195,35.03448992162559,-35.03448992162559,54.55732634608724,-54.55732634608724,0.08960829,-0.08960828930139542,5.447359575544084,-5.447359575544084,0,0,0,0,11.80369320668314,11.80369320668314,71.50645248848164,-71.50645248848164,92.27080716423426,-92.27080716423426,0.10339118,-0.10339117795228958,17.68381565638951,-17.68381565638951,0,0,0,0,0.48075369944894997,0.48075369944894997

Iteration 8
MSAAVEVESKEEAKKAAEVAGVKEEPEVVVINGKKVAVLKGATEEGAKRVEEELGRKVILLG,TGPRDVRVRKIKPLSEIHSGNSVSLQCDFSSSHPKEVQFFWEKNGRLLGKESQLNFDSISPEDAGSYSCWVNNSIGQTASKAWTLEVLYAPRRLRVSMSPGDQVMEGKSATLTCESDANPPVSHYTWFDWNNQSLPYHSQKLRLEPVKVQHSGAYWCQGTNSVGKGRSPLSTLTVYYSPETIGRRGTKHHHHHH,-178.9773761852089,73.07873823050193,-73.07873823050193,90.90463790422857,-90.90463790422857,0.09374423,-0.09374423325061798,17.7551883152553,-17.7551883152553,0,0,0,0,0.4021308288412267,0.4021308288412267,72.68909162665302,-72.68909162665302,90.91364594932637,-90.91364594932637,0.10268314,-0.10268314182758331,11.177201298304967,-11.177201298304967,0,0,0,0,0.46438410248922546,0.46438410248922546,71.50645248848164,-71.50645248848164,92.27080716423426,-92.27080716423426,0.10339118,-0.10339117795228958,17.68381565638951,-17.68381565638951,0,0,0,0,0.48075369944894997,0.48075369944894997
MGADVEVESEEEAEKAAKLAGVKDKPGVGYENGKKVATIGGATEEGAKKIEKELGKKVRVGG,TGPRDVRVRKIKPLSEIHSGNSVSLQCDFSSSHPKEVQFFWEKNGRLLGKESQLNFDSISPEDAGSYSCWVNNSIGQTASKAWTLEVLYAPRRLRVSMSPGDQVMEGKSATLTCESDANPPVSHYTWFDWNNQSLPYHSQKLRLEPVKVQHSGAYWCQGTNSVGKGRSPLSTLTVYYSPETIGRRGTKHHHHHH,-171.49299051946386,69.80608785506507,-69.80608785506507,87.48404277521168,-87.48404277521168,0.09373675,-0.09373675286769867,14.627301079886296,-14.627301079886296,0,0,0,0,0.5181779435668852,0.5181779435668852
GSAVVPVESEEEAKEAAKVAGVEKEPIVKKLNGSLYAILEGATQEGAQRVEEELGKTVAYLP,TGPRDVRVRKIKPLSEIHSGNSVSLQCDFSSSHPKEVQFFWEKNGRLLGKESQLNFDSISPEDAGSYSCWVNNSIGQTASKAWTLEVLYAPRRLRVSMSPGDQVMEGKSATLTCESDANPPVSHYTWFDWNNQSLPYHSQKLRLEPVKVQHSGAYWCQGTNSVGKGRSPLSTLTVYYSPETIGRRGTKHHHHHH,-131.31483581556452,70.48134089511487,-70.48134089511487,63.899806094868595,-63.899806094868595,0.12549102,-0.12549102306365967,11.834915433611188,-11.834915433611188,0,0,0,0,15.026717631093787,15.026717631093787
MSQAVEVESKSEAAKAATVAGVKEEREVVVINGKKVALLKGATEEGAQRVEEELGRKVILLG,TGPRDVRVRKIKPLSEIHSGNSVSLQCDFSSSHPKEVQFFWEKNGRLLGKESQLNFDSISPEDAGSYSCWVNNSIGQTASKAWTLEVLYAPRRLRVSMSPGDQVMEGKSATLTCESDANPPVSHYTWFDWNNQSLPYHSQKLRLEPVKVQHSGAYWCQGTNSVGKGRSPLSTLTVYYSPETIGRRGTKHHHHHH,-123.58525575246007,35.77141645685233,-35.77141645685233,56.10416398936665,-56.10416398936665,0.07953754,-0.0795375406742096,11.970578547886442,-11.970578547886442,0,0,5,25,12.838897817468215,12.838897817468215,71.50645248848164,-71.50645248848164,92.27080716423426,-92.27080716423426,0.10339118,-0.10339117795228958,17.68381565638951,-17.68381565638951,0,0,0,0,0.48075369944894997,0.48075369944894997
